mouth	嘴	She clamped her hand against her mouth	2026-02-24 17:04:10
sober	庄严的， 清醒的	He was sober	2026-02-24 17:04:10
stateliness	庄严	the stateliness of the ancient cathedral	2026-02-24 17:04:10
inbox	收件箱	reasons to love your inbox again	2026-02-24 17:04:10
lyrical	热情奔放的	His paintings became more lyrical	2026-02-24 17:04:10
stunner	绝妙的东西	The real stunner when it comes to showing us community is Eggleston's 1972 image of a young Black woman	2026-02-24 17:04:10
jolt	震惊	you feel a little jolt	2026-02-24 17:04:10
picaresque	流浪汉， 流浪汉为题材的	picaresque tale	2026-02-24 17:04:10
indolence	懒惰	the hot summer afternoon seem to encourage indolence	2026-02-24 17:04:10
amused	逗笑的	Sara was not amused by Franklin's teasing.	2026-02-24 17:04:10
obliterate	摧毁	Their warheads are enough to obliterate the world several times over	2026-02-24 17:16:51
vanity	梳妆台， 虚荣心	Men who use steroids are motivated by sheer vanity	2026-02-24 19:47:26
mourning	悲伤	Yesterday the whole of Greece was in mourning	2026-02-25 11:27:43
wrestle	艰难对付	Delegates wrestled with the problems of violence and sanctions	2026-02-25 11:29:22
weary	疲倦的	They are weary	2026-02-25 11:30:46
fracture	分裂	the opposition is also fractured about what the future should look like	2026-02-25 11:31:35
wary	警惕的	People did not teach their children to be wary of strangers	2026-02-25 11:32:36
defiance	违抗	his courageous defiance of the government	2026-02-25 11:44:02
dissident	不同政见者	political dissident	2026-02-25 15:16:50
demonstration	游行	Riot police used tear gas to break up the demonstration	2026-02-25 15:18:26
capitulate	认输	The club eventually capitulated and now grants equal rights to women	2026-02-25 15:33:17
tight spot	困境	The printe broke right before the meeting, and that put me in a tight spot	2026-03-01 14:01:39
atoll	海洋环境	He wrote about atolls from the Maldives	2026-03-01 14:27:33
cork	软木塞	He popped the cork and the champagne fizzed out over the bottle	2026-03-01 14:55:21
swamp	淹没	That could swamp coastal communities worldwide with as much as five meters of extra water over the coming centuries	2026-03-01 14:57:26
shortsightedness	近视	His shortsightedness means he can't read road signs until he's right in front of them	2026-03-02 09:11:03
gargantuan	庞大的	a marketing event of gargantuan proportions	2026-03-02 09:13:26
uncanny	神秘的， 可怕的	They have uncannily similar voices	2026-03-02 09:17:37
unholy	不适宜的	The economy is still an unholy mess	2026-03-02 09:30:16
field	实地考察	Students will go on a filed trip next week	2026-03-02 09:35:15
candidacy	候选人资格	Today he is formally announcing his candidacy for president	2026-03-02 14:35:22
kidding	开玩笑	I'm not kidding, Frank. There's a cow out there, just standing around	2026-03-02 14:35:35
snap	断裂， 拍照	The brake pedal had just snapped off	2026-03-02 14:35:57
size up	评估	with only other giant blocks of ice to size them up against	2026-03-03 09:49:05
overstuff	装满	our environment are overstuffed with visual cues	2026-03-03 09:50:48
recalibrate	重新校准	That's why it can be so powerful to get away from such spaces, into mountains, deserts and other landscapes that force you to recalibrate your sense of relative size	2026-03-03 09:54:16
seismic shift	巨大的变化	he had experienced this kind of seismic shift	2026-03-03 09:55:47
iconic	图符的	iconic photo	2026-03-03 09:59:27
peek	偷看	On the occasions she had peeked at him through a crack in the wall	2026-03-03 10:00:28
all but	几乎	It was all but impossible to succeed.	2026-03-03 10:22:01
horn	喇叭	He sounded the car horn	2026-03-03 10:58:23
modality	形式	Teaching modality affects how well students learn	2026-03-03 11:00:40
catalyze	刺激， 催化	The enzyme catalyzes the reaction without being consumed	2026-03-03 11:01:00
paradigm	样本	a new paradigm of production	2026-03-03 11:01:17
be poised to	准备好	She is poised to win the competition	2026-03-03 11:01:37
fidelity	精确性, 忠贞	The model reproduces details with high fidelity	2026-03-03 11:02:22
pivotal	中枢的， 关键的	The elections may prove to be pivotal in Colombia's political history	2026-03-03 11:02:38
enity	实体	the earth as a living entity	2026-03-03 11:03:01
promise	期待	The new technology show great promise	2026-03-03 11:03:17
protease	蛋白酶	Protease is an enzyme that breaks down proteins	2026-03-03 11:03:34
cysteine	半胱氨酸	Cysteine is a sulfur-containing amino acid in proteins	2026-03-03 11:05:00
inherent	固有的	Man is not inherently violent	2026-03-03 11:05:55
gangbuster	势如破竹	The economy was still going gangbusters	2026-03-04 13:01:38
inflation	通胀率, 通货膨胀	Inflation is plummeting	2026-03-04 13:02:22
plummeting	骤然下跌	In Tokyo share prices have plummeted for the sixth successive day	2026-03-04 13:02:39
state of the union	国情咨文	In his State of Union message, the president talked about campaign reform	2026-03-04 13:03:51
voter	选民	The turnout was at least 62 percent of registered voters.	2026-03-04 13:08:24
squeeze	资金紧缩	voters felt squeezed	2026-03-04 13:09:17
phenomenon	现象	Rainbow is a beatiful natural phenomenon	2026-03-04 13:10:18
bipartisan	代表两党的	Political bipartism is needed to pass the key reform bill	2026-03-04 13:10:52
disconnect	差异	There is a clear disconnect between public opinion and government policy	2026-03-04 13:14:09
council	委员会	a former chairman of the Council of Economic Advisers	2026-03-04 13:15:43
immense	巨大的	The project brings immense economic benefits.	2026-03-04 13:20:58
elegance	优雅	The old palace is full of timeless elegance	2026-03-04 13:21:21
formulate	规划， 确切表达， 用公式表示	Little by little, he formulated his plan for escape.	2026-03-04 13:22:32
precursor	前体	a reaction-competent precursor	2026-03-04 13:23:16
central	最重要的	Hard work remains central to success.	2026-03-04 13:23:33
sample	取样	We based our analysis on a random sample of more than 200 males.	2026-03-04 13:23:57
run	管理	She runs a small cafe downtown	2026-03-05 12:10:43
dilemma	困境	It's a bit of a dilemma for incumbents	2026-03-05 12:12:03
rosy	有希望的， 有希望的	The economic outlook is far from rosy	2026-03-05 12:25:14
watch	管理期	many reforms were carried out during his watch.	2026-03-05 12:25:43
parking spot	停车场	I finally found an empty parking spot	2026-03-06 17:38:15
mind-set	心态	He encountered the same mind-set repeatedly	2026-03-06 17:39:14
manuver	动作	Backer-inners, it seemed preferred doing the harder maneuver first	2026-03-06 17:41:31
favor	帮助(n)	you'll find people talking about doing favors for their future selves	2026-03-06 17:48:24
premise	前提	on the premise	2026-03-06 17:50:50
oneself	自己	it can be easier to do something kind for another person than to do it for oneself	2026-03-06 17:51:57
reap	获得	reap the benefits of getting on the road faster	2026-03-06 17:53:28
drag	拖累	It can feel like a drag to do something uncomfortable now in order to reap the benefits later	2026-03-06 17:58:18
gym	体育馆	goint to the gym	2026-03-06 17:58:48
payoff	结果	the future payoff feels worth it	2026-03-06 18:01:25
alternately	交替地		2026-03-06 18:02:50
sabotage	妨碍	I watch the way I alternately take care of Future Me and then sabotage her nearly every night	2026-03-06 18:03:32
load	装进	"I load the dishwasher "	2026-03-06 18:05:19
a scene of order	井然有序的景象		2026-03-06 18:06:52
bummer	令人失望的事	I had a bummer of a day	2026-03-06 18:07:43
sucessvie	连续的		2026-03-06 18:19:05
pit	坑		2026-03-06 18:33:46
sheer	纯粹的		2026-03-06 18:33:54
plant	工厂		2026-03-06 18:34:07
bedside	床边		2026-03-06 18:34:22
mock	嘲讽		2026-03-06 18:34:57
couple	耦合		2026-03-06 18:35:13
pillar	支柱		2026-03-06 18:35:23
analog	模拟的		2026-03-06 18:35:37
feasibility	可行性		2026-03-06 18:35:53
scaffold	脚手架		2026-03-06 18:36:10
electrophile	亲电试剂		2026-03-06 18:36:27
preserve	保存		2026-03-06 18:36:37
adapt	t调整		2026-03-06 18:36:43
binder	粘合剂		2026-03-06 18:36:59
de novo molecule generatioin	从头分子设计		2026-03-06 18:37:20
indispensable	必需的		2026-03-06 18:37:35
procrastination	拖延症	His procrastination on the research paper left him pulling an all-night before the deadline	2026-03-08 10:40:20
partake	参加	partake in	2026-03-08 10:40:32
stay up	熬夜	stay up late reaading	2026-03-08 10:41:09
revel	享受	reveling in the agency of "me time"	2026-03-08 10:42:09
answerable	负责的	I am answerable to no one but myself	2026-03-08 10:44:20
decade from now	十年后		2026-03-08 10:52:12
temporal	世俗的， 时间的	the spiritual and temporal leader of the people	2026-03-08 10:54:18
discounting	折扣		2026-03-08 10:54:25
upfront	预付的	The landlord requires the first month's rent and a security deposite upfront	2026-03-08 11:03:49
hassle	困难	I don't think it's worth the money or the hassle	2026-03-08 11:04:00
cheat	欺骗		2026-03-08 11:04:08
await	等待		2026-03-08 11:06:09
commander	指挥官	The commander and some of the men had been released	2026-03-08 11:43:41
pacific	太平洋的	Gorbachev was less pacific than people thought	2026-03-08 11:43:59
fascist	法西斯主义者	an upsurge of support for extreme rightist, nationalist and fascist organizations	2026-03-08 11:44:20
acquit	无罪释放	Mr. Castorina was acquitted of attempted murder	2026-03-08 11:44:41
charge	指控		2026-03-08 11:44:51
assault	袭击		2026-03-08 11:44:57
whine	嘎吱声	He could hear her dog barking and whining in the background	2026-03-10 10:26:30
dial	拨号		2026-03-10 10:26:44
modem	调制解调器	He sent his work to his publishers by modem	2026-03-10 10:27:38
remediation	矫正	remediation of our own screen dependence	2026-03-10 10:29:07
lockable	可锁定的		2026-03-10 10:30:32
pouch	小袋子	Joe Bob took out his pipe and dug it into a pouch of tobacco	2026-03-10 10:30:48
stow	装载	Luke stowed his cameraa bags into the boot	2026-03-10 10:31:19
wire	电报		2026-03-10 10:32:24
downgrade	降级		2026-03-10 10:33:08
even if	即使		2026-03-10 10:40:44
escalate	升级		2026-03-10 10:42:44
battle	斗争		2026-03-10 10:42:55
will	意志		2026-03-10 10:43:11
tap	轻拍		2026-03-10 10:45:10
pond	池塘	She chose a bench beside the duck pond and sat down	2026-03-10 10:47:53
wood	树林		2026-03-10 10:48:06
repair	结伴去	to repair to the country	2026-03-10 10:48:21
dwelling	住宅	""	2026-03-10 10:50:20
transcendentalist	先验论者	As a transcendentalist, Emerson believed in the inherent goodness of both people and nature	2026-03-10 10:50:56
impulsively	有推动力的	She tends to act impulsively, buying things she doesn't need and regretting it later	2026-03-10 10:51:24
detox	排毒	A patiennt going through acute detox will have an assigned nurse nearby	2026-03-10 10:52:30
perpetual	长期的	the creation of a perpetual union	2026-03-10 10:52:37
captor	捕获者		2026-03-10 10:52:46
negotiate	谈判	It is not clear whether the president is willing to negotiate with the Demcreats	2026-03-10 10:53:17
jelly	果冻	a bowl of jelly	2026-03-10 11:25:33
act	法案		2026-03-10 11:25:40
motive	动机		2026-03-10 11:25:54
acid	酸		2026-03-10 11:26:05
deed	行为		2026-03-10 11:26:13
armpit	腋窝		2026-03-10 11:28:34
latte	拿铁咖啡	every morning, she stops at the cafe for a vanilla latte before work	2026-03-10 11:29:10
butter	黄油， 干果酱		2026-03-10 11:29:37
crumb	面包	I stood up, brushing crumbs from my trousers	2026-03-10 11:30:02
vest	背心	He put on a pair of boxer shorts and a vest	2026-03-10 11:30:21
hang out	闲逛	I cannot find someone to hang out with other than the people  who are around me	2026-03-11 21:46:40
dorm	宿舍	She lived in a college domitory	2026-03-11 21:52:49
unshackle	释放	we try to unshackle ourselves from constant phone checking	2026-03-11 21:54:49
plight	困境		2026-03-11 21:56:32
articulate	明确表达		2026-03-11 21:59:18
lag	间隔	There's a time lag between infection with HIV and developing with HIV and developing AIDS	2026-03-11 22:01:44
retreat	后退		2026-03-11 22:02:03
deliberate	小心翼翼的		2026-03-11 22:07:32
dust	把粉末撒于		2026-03-11 22:08:46
ponder	沉思		2026-03-11 22:25:00
nostalgic	思乡的		2026-03-11 22:25:42
refrain	克制		2026-03-11 22:26:09
monotony	单调乏味		2026-03-11 22:26:25
extraterrestrial	地外的		2026-03-11 22:26:39
subtitle	字幕		2026-03-11 22:27:01
clip	修剪		2026-03-11 22:27:20
cave in	让步		2026-03-11 22:27:38
crop	一批		2026-03-11 22:28:05
duster	抹布		2026-03-11 22:28:16
union	工会		2026-03-11 22:56:59
brush	刷	We gave him paint and brushes	2026-03-11 22:57:04
capital	首都	Iran's capital faced intense shelling	2026-03-12 09:54:09
intense	激烈的		2026-03-12 09:54:23
shelling	炮击	They cracked the nuts and removed their shells	2026-03-12 09:54:45
slightly	稍微		2026-03-12 09:55:56
drone	无人机		2026-03-12 09:58:27
gulf	海湾	Persian Gulf	2026-03-12 09:59:06
salvo	齐射	Israel and countries of the Persian Gulf are trying to defend against those salvos	2026-03-12 09:59:55
wage	发动战争	How are nations waging this war	2026-03-12 10:03:54
navy	海军	The operation was organized by the US navy	2026-03-12 10:04:35
disposal	清楚	a bomb disposal technician	2026-03-12 10:05:10
gunnery	射击	During the Second World War the area was used to gunnery practice	2026-03-12 10:05:34
objective	目标		2026-03-12 10:08:47
primary	主要的		2026-03-12 10:09:08
air force fighter	空军战斗机		2026-03-12 10:11:44
force	武装部队		2026-03-12 10:11:58
refuel	补充燃料		2026-03-12 10:12:20
destroyer	驱逐舰		2026-03-12 10:16:41
bombardment	轰炸	the first wave of the bombardment used weapons, like the AGM-154 glide bomb	2026-03-12 10:18:47
quiz	小测验		2026-03-12 10:19:56
update	最新报道	We have the lastest updates here	2026-03-13 20:57:26
secretary	秘书		2026-03-13 20:58:50
fire	解雇， 开除	President Trump fired Kristi Noem, his homeland security secretary	2026-03-13 21:00:15
promote	推广	She's been in the  spotlight for months - self-promoting as she oversaw Trump's immigration crackdown	2026-03-13 21:03:34
annoyance	恼怒	""	2026-03-13 21:06:51
cusp	尖端	It doesn't leave me on the cusp of annoyance	2026-03-13 21:07:22
for the most part	很大程度上		2026-03-13 21:07:52
exasperating	令人恼怒地	They can be exasperating	2026-03-13 21:15:33
june	六月		2026-03-13 21:16:48
by	相差	Employment actually declined by 20, 000 jobs n June	2026-03-13 21:18:54
overstate	夸大	Job growth over the past two years had been overstated by nearly one million positions	2026-03-13 21:20:05
in a couple of hours	几个小时后		2026-03-13 21:50:11
axiom	公理	you could distill into an axiom	2026-03-13 21:57:11
underlying	潜在的	There's always underlying detail to examine as well	2026-03-13 22:00:00
revision	修订		2026-03-13 22:01:11
lay off	解雇		2026-03-13 22:01:23
cook	伪造	accusing her without evidence of cooking the books to make his administration look bad	2026-03-14 11:19:58
dismiss	不理会	Economists overwhelmingly dismissed the charge	2026-03-14 11:21:40
presidency	总统任期		2026-03-14 11:22:54
detection	发觉		2026-03-14 11:24:12
closure	关闭		2026-03-14 11:28:08
upend	颠覆	upended the seasonal patterns that statisticians try to account for in their estimates	2026-03-14 11:30:05
demographic	人口的	gradual demographic shifts	2026-03-14 11:34:06
guarded	谨慎的	They are optimistic but guarded	2026-03-14 11:40:30
shrinking	收缩	Budgets are shrinking, as is the size of the agency	2026-03-14 11:41:59
bulk	主体	The truck pulled out of the lot, its bulk unnerving against the dawn	2026-03-14 11:46:49
deteriorate	恶化	There are fears that the situation might deteriorate into full-scale war	2026-03-14 11:47:08
uphill battle	艰难的斗争		2026-03-14 11:49:05
idiomatic	地道的	her remarkable command of idiomatic English	2026-03-14 11:52:13
smudge	污点	There was a dark smudge on his forehead	2026-03-14 11:52:37
whisk	搅拌器	Just before serving, whisk the cream	2026-03-14 11:52:56
mug	马克杯		2026-03-14 11:53:10
spice	调味品	herbs and spices	2026-03-14 11:53:46
plug	插座	I used to go around and take every plug out at night	2026-03-14 11:54:02
bucket	桶		2026-03-14 11:54:19
projector	放映机	a slide projector	2026-03-14 11:54:38
throw blanket	披毯		2026-03-14 11:55:26
blanket	毯子		2026-03-14 11:55:47
compost	堆肥	a small compost heap	2026-03-14 11:56:04
supposed	坚信的		2026-03-14 11:56:21
synchronize	使同步	It was virtually impossible to synchronize our lives so as to take vocations and weekends together	2026-03-14 11:57:20
comfy	舒服的		2026-03-14 11:57:36
guy	家伙		2026-03-14 11:57:54
essential	必需品		2026-03-14 11:58:08
lot	停车场		2026-03-16 10:21:25
pull out	退出		2026-03-16 10:21:39
across time	跨越时间	What happends when you read about the lives of notable women across time?	2026-03-16 10:41:31
archive	档案	The system will archive the information so agencies can review it in detail	2026-03-16 10:46:34
blaze	闪闪发光	He was arrested in a blaze of publicity	2026-03-16 11:08:27
marquee	大天幕	Her name was up in lights on the theater marquee	2026-03-16 11:08:36
poster	海报		2026-03-16 11:08:42
adjective	形容词		2026-03-16 11:10:04
obituary	讣告	His obituary was published in one edition of his own newspaper before it was discovered that her was alive	2026-03-16 11:10:31
prolific	多产的， 作品丰富的		2026-03-16 11:13:27
groundwork	基础		2026-03-16 11:13:33
lay the groundwork for	奠定基础		2026-03-16 11:13:46
paragraph	段落		2026-03-16 11:15:51
reluctant	不情愿的		2026-03-16 11:16:11
aside	旁白	During the paly, the character turned to the aaudience and delivered a humorous aside	2026-03-16 11:16:23
frame	表达		2026-03-16 11:35:04
vibrant	充满活力的	Tom felt himself being drawn toward her vibrant personality	2026-03-16 11:35:57
companion	伴侣		2026-03-16 11:38:15
divorce	离婚		2026-03-16 11:38:46
glamorous	迷人的	some of the world's most beautiful and glamorous women	2026-03-17 10:53:48
incisive	深刻的	He is a very shrewd operator with an incisive mind	2026-03-17 10:54:08
prominent	著名的	interview prominent people	2026-03-17 10:55:47
transgender	跨性别的		2026-03-17 10:56:38
amid	在..中		2026-03-17 10:57:01
minister	部长		2026-03-17 10:59:05
meant	表达...的意思	The red light meant that we had to stop immediately	2026-03-17 11:01:10
authority	权威		2026-03-17 11:01:25
project	表达		2026-03-17 11:01:34
aunt	伯母		2026-03-17 11:05:21
generous	慷慨的		2026-03-17 11:05:53
recognition	赞誉		2026-03-17 11:07:29
cognition	认知		2026-03-17 11:07:56
come back	重现	The idea kept coming back to me as I read the obituaries	2026-03-17 11:10:59
conviction	坚定的信仰	It is our firm convition that a step forward has been taken	2026-03-17 11:11:53
paid a price for it	为此付出代价	Often they paid a price for it	2026-03-17 11:13:20
artifact	历史文物	The archaeologists carefully unearthed a ancient ceramic artifact from the site	2026-03-17 11:15:10
philosophy	哲学		2026-03-17 11:22:35
improvise	即兴创作		2026-03-17 11:23:03
bruise	瘀伤		2026-03-17 11:23:18
accent	口音	He had developed a slight southern accent	2026-03-17 11:23:38
articulation	语言表达		2026-03-17 11:23:59
gorgeous	美丽动人的	It's a gorgeous day	2026-03-17 11:24:20
command	掌握	His command of English was excellent	2026-03-17 11:30:29
fantasy	幻想		2026-03-17 11:38:37
comedy	喜剧		2026-03-17 11:38:55
invincible	不可战胜的	You couldn't help feeling the military's fire power was invincible	2026-03-17 11:39:13
unbeatable	无与伦比的		2026-03-17 11:39:35
unbreakable	不可战胜的		2026-03-17 11:39:57
blind	窗帘	Pulling the blinds up , she let some of the bright sunlight in	2026-03-17 11:40:19
shampoo	洗发剂	a bottle of shampoo	2026-03-17 11:40:40
condition	护理	condition my hair	2026-03-17 11:41:04
hoarse	嘶哑的	“So what do you think?" she said in a hoarse whisper	2026-03-17 11:41:34
greasy	油污的	He proped his  elbows upon a greasy counter	2026-03-17 11:41:52
quaint	奇特有趣的	a small, quaint town with narrow streets and traditional half-timbered houses	2026-03-17 11:42:06
pastry	糕点	a wide range of cakes and pastries	2026-03-17 11:42:20
authentic	真实的		2026-03-17 11:42:45
chime	鸣响	He heard the front doorbell chime	2026-03-17 11:43:06
upbeat	乐观的·		2026-03-17 11:43:20
high-stake	高风险	a high-stakes expedition	2026-03-19 20:37:51
gripping	扣人心弦的	gripping dispatches	2026-03-19 20:39:59
austere	朴实的, 严肃的	I found her a rather austere, distant, somewhat cold person	2026-03-19 20:41:16
better part	大部分	for the better part of a century	2026-03-19 20:51:32
afar	远处	Seen from afar, its towering buildings beckon the visitor in	2026-03-19 20:51:41
most recently	最近	trips most recently in 2016	2026-03-19 20:54:54
bunk	床铺	He left his bunk and went up on deck again	2026-03-19 20:57:49
stick	卡住	Instruments got stuck	2026-03-19 21:00:35
slough	脱落	All reptiles have to slough their skin to grow	2026-03-19 21:11:18
moor	停泊	She had moored her barge on the right bank of the river	2026-03-19 21:11:32
crumble	崩溃	A project almost a decade in the making had crumbled at the final stage	2026-03-19 21:13:57
bounce back	迅速振作	We lost two or three early games but we bounced back	2026-03-19 21:15:31
vicissitude	变迁	Life is full of vicissitudes, from sudden career changes to unexpected heal challenges	2026-03-19 21:17:45
sign up	报名		2026-03-19 21:18:38
fly	乘飞机	The scientists have flown helicopters	2026-03-19 21:22:45
deputize	代表	I sometimes had to deputize for him in the kitchen	2026-03-19 21:23:20
rift	裂缝	The interview reflected a growing rift between the president and Congress	2026-03-19 21:23:54
majesty	雄伟	the majesty of the mainland mountains	2026-03-19 21:25:24
prop	支撑	Using the table as a prop, he dragged  himself to his feet	2026-03-19 21:32:28
perimeter	外围	perimeter of the island	2026-03-19 21:55:05
dot	点		2026-03-19 21:55:26
windmill	风车	The old windmill on the hill still turns gracefully i the afternoon breeze	2026-03-19 21:55:49
cottage	小屋	They used to have a cottage in N.W. Scotland	2026-03-19 21:56:04
disembark	登陆	Disembarkation is at 7:30 a.m.	2026-03-19 21:56:37
catch a ferry	乘坐渡轮	We woke up early to catch the first ferry to Staten Island	2026-03-19 21:57:06
off-grid	离网的		2026-03-19 21:57:33
offset	抵消	They're completely offset by the beauty that comes with them	2026-03-19 21:59:09
indoorsy	喜欢呆在室内的		2026-03-19 21:59:40
bitterly	及其	We are bitterly upset at what has happened	2026-03-19 22:00:25
cosy	舒适的		2026-03-19 22:00:45
rope bridge	绳桥	The adventures carefully crossed the rope bridge swaying high above the canyon	2026-03-19 22:01:19
solstice	至点， 至日	On the winter solstice, the sun rises late an sets early, giving us the shortest day of the year	2026-03-19 22:02:08
overgrow	过度生长		2026-03-23 14:30:09
ditch	"沟渠 "	ditch of water	2026-03-23 14:30:52
dirty	脏的		2026-03-23 14:31:17
shiny	光滑的		2026-03-23 14:31:39
fountain	喷泉	the fountains on the 16th Street Mall	2026-03-23 14:31:56
gazebo	露台	We sat in the gazebo and watched the sunset over the lake	2026-03-23 14:32:16
humid	潮湿的	Visitor can expect hot and humid condition	2026-03-23 14:32:39
trunk	树干		2026-03-23 14:32:55
rash	轻率的		2026-03-23 14:33:47
eminent	杰出的		2026-03-23 14:34:00
think of	想象	I should think of the dogs as celebrities	2026-03-24 10:11:17
standoffish	冷淡的	He can be quite standoffish and rude, even to his friends	2026-03-24 10:17:08
haughty	傲慢的	He spoke in a haughty tone	2026-03-24 10:22:55
fussy	爱挑剔	She is not fussy about her food	2026-03-24 10:23:43
attendant	护理员	Tony Williams was working as a car park attendant in Los Angeles	2026-03-24 10:33:39
entourage	随从	Rachel was quickly whisked away by her entourage	2026-03-24 10:35:39
gamely	勇敢地	He gamely defended his organization's decision	2026-03-24 10:36:13
sniff	闻	Suddenly, he sopped and sniffed the air	2026-03-24 10:39:29
trim	修剪	The neighbors' gardens were trim and neat	2026-03-24 10:40:13
sheepdog	牧羊犬	The sheepdog guided the flock safely down the hill.	2026-03-24 10:41:36
sponge	海绵	a sponge mattress	2026-03-24 10:41:54
handler	训练者	Fifty officers, including dog handlers, are searching for her	2026-03-24 10:44:21
mockumentary	记录形式的节目	The office is one of the most famous mockumentary TV shows	2026-03-24 10:44:39
particular	细节	I can't go into particulars right now	2026-03-24 10:45:57
clueless	无知的	I came into adult life clueless about a lot of things that most people take for granted	2026-03-24 10:46:11
sparkly	耀眼的	Her eyes were sparkly	2026-03-24 10:53:43
blazer	运动夹克	He wore a navy blazer with khaki pants	2026-03-24 10:54:01
seriousness	严重性	No one doubted the seriousness of the problem	2026-03-24 10:57:10
insult	侮辱	I didn't mean to insult you	2026-03-24 10:59:17
have	使...处于什么状态	they really have some of us pegged	2026-03-24 11:03:29
awful	糟糕的	Her injuries were massive.It was awful	2026-03-24 11:03:38
stake	比赛， 股份， 风险		2026-03-24 11:08:17
choreography	舞蹈艺术	The choreography of Eric Hawkins is considered radical by ballet audience	2026-03-24 11:09:08
obediently	忠诚地	The dog waited obediently for its owner's command	2026-03-24 11:12:03
fictional	小说的		2026-03-24 11:16:33
indigenous	本土的	The indigenous people of Australia have a long and rich culture	2026-03-24 14:45:48
mythology	神话	In Greek mythology, the god Zeus took the form of a swan to seduce Leda	2026-03-24 14:46:08
serpent	大蛇	the serpent in the Garden of Eden	2026-03-24 14:46:30
surgery	手术	His father has just recovered from heart surgery	2026-03-24 14:48:01
beverage	饮料	Alcoholic beverages are served in the hotel lounge	2026-03-24 14:48:22
mate	伙伴		2026-03-24 14:48:50
herby	多草本植物的	This soup has a fresh , herby flavor	2026-03-24 14:49:13
revenge	复仇	The attackers wre said to be taking revenge on the 14-year-old, claiming he was a school bully	2026-03-24 14:49:33
resilience	恢复力	She showed great resilience in the face of failure	2026-03-24 14:50:29
unearth	发掘	Researchers have unearthed documents from the 1600s	2026-03-24 15:05:26
ceramic	陶瓷	a collection of Chinese ceramics	2026-03-24 15:05:57
beckon	吸引	All the attractions of the peninsula beckon	2026-03-24 15:14:04
bank	河岸	We sat on the river bank and watched the sunset	2026-03-24 15:16:36
barge	驳船	Carrying goods by train costs nearly three times more than carrying them by barge	2026-03-24 15:16:47
metaphysics	形而上学	He is studying metaphysics and ancient philosophy	2026-03-29 11:25:56
foreword	前言	She has written the foreword to a book of recipes	2026-03-29 11:26:41
brilliance	才华	Her musical brilliance amazed everyone	2026-03-29 11:27:04
philosophical	哲学的		2026-03-29 11:27:41
gleeful	欢快的	He took an almost gleeful delight in showing how wrong the can be	2026-04-02 09:51:33
reptile	爬行动物		2026-04-02 09:52:59
brittle	易碎的	Pine is brittle and breaks	2026-04-02 10:02:48
camouflaged	伪装的	They were dressed in camouflage and carried automatic rifles	2026-04-02 10:03:21
lizard	蜥蜴	The lizard relies on sunlight to keep its body warm	2026-04-02 10:04:01
premium	高价的, 保险费	He eventually sold the shares back to the bank at a premium	2026-04-02 10:05:22
jog	慢跑	I got up early the next morning to jog	2026-04-02 10:06:05
sip	小口喝	Jessica sipped her drink thoughtfully	2026-04-02 10:07:11
nomadically	游牧地	For years, she lived nomadically, traveling from one country to another with little more than a backpack	2026-04-02 10:07:48
introverted	内向的	Machen was a lonely, introverted child.	2026-04-02 10:08:04
challenge	质疑	The demonstrators have now made a direct challenge to the authority of the government.	2026-04-02 15:27:40
block	阻止	The order was swiftly challenged in court and blocked by lower courts	2026-04-02 15:28:25
swiftly	很快地		2026-04-02 15:28:40
square	符合	square with citizenship clause	2026-04-02 15:31:19
clause	条款	a compromise document sprinkled with escape clauses	2026-04-02 15:31:31
naturalize	加入国籍	Immigration officials were allowed to enter the country naturalize solidiers under the 1942	2026-04-02 15:32:16
jurisdiction	管辖范围	The British police have no jurisdiction over foreign bank accounts	2026-04-02 15:33:22
reverse	逆转(v)	""	2026-04-02 15:35:25
fuel	加剧	The result will inevitably fuel speculation about the prime minister's future	2026-04-02 15:37:16
revisionist	修正主义	the revisionist interpretation of the French Revolution	2026-04-02 15:39:43
owe	欠	It's because their parents don't owe allegiance to the U.S.	2026-04-02 15:41:42
allegiance	效忠	My alligiance to Kendall and his company ran deep	2026-04-02 15:41:57
diplomat	外交官	a Western diplomat with long experience in Asia	2026-04-02 15:43:07
call	判定	The case might be closer to call than once thought	2026-04-02 15:57:30
case	案件		2026-04-02 15:57:55
open-and-shut	一目了然	It's an open and shut case	2026-04-02 16:03:28
a matter of	属于...范畴	It's a matter of time before he succeeds	2026-04-04 10:51:30
settled	定下的	There has been a period of settled weather	2026-04-04 10:51:48
have nothing to do	与...无关	This has nothing to do with you	2026-04-04 10:52:02
judicial	司法的	Even if the amendment is passed it can be defeated judicially	2026-04-04 10:54:48
guarantee	确保	Surplus resources alone do not guarantee growth	2026-04-04 10:55:30
justice	法官， 正义	Thomas will be swom in today as a justice on the Supreme Court	2026-04-04 10:59:43
appointee	被任命者	Becket, a recent appointee to the Supreme Court	2026-04-04 11:00:07
ideological	意识形态的		2026-04-04 11:00:34
prayer	可能性	He doesn't have a prayer of winning	2026-04-04 11:01:12
doomed	注定要失败的	Their palns seemd doomed to failure	2026-04-04 11:05:16
long-shot	几乎没有获胜的机会的事情	It's a long-shot, but I'll try anyway	2026-04-04 11:05:44
enslave	征服	They'd been enslaved and had to do what they are told	2026-04-04 11:30:29
descendant	后代	They are descendants of the original English and Scottish settlers	2026-04-04 11:31:31
fellow	同伴		2026-04-04 11:33:10
commence	开始	They commenced a systematic search	2026-04-04 11:35:24
memoir	回忆录	He published a memoir about his childhood in the countryside	2026-04-04 11:35:43
manifest	显示， 表明， 载货清单		2026-04-04 11:36:04
census	人口普查	The detailed assessment of the latest census will be ready in three months	2026-04-04 11:36:17
journalism	新闻报道, 新闻业	Good journalism require honesty and courage	2026-04-04 11:36:44
shrewd	精明的	She's a shrewd businesswoman	2026-04-04 11:37:45
canyon	峡谷	The Grand Canyon is one of the most famous natural wonders	2026-04-04 11:59:55
sway	摇摆	The whole boat swayed and tipped	2026-04-04 12:00:01
cylinder	圆柱体	It was recorded on a wax cylinder	2026-04-04 12:03:27
pant	气喘	She climbed rapidly until she was panting with the effort	2026-04-04 12:04:08
udder	牛羊的乳房	The cow's udder was full of milk	2026-04-04 12:04:26
beige	棕色	The walls are beige	2026-04-04 12:04:41
hoof	蹄	The horses' hooves often could not get a proper grip	2026-04-04 12:05:02
print	印记	The snow still bears the print of a bird	2026-04-04 12:05:16
catch your breath	喘口气	I stopped to catch my breath after running	2026-04-04 12:05:41
tasty	美味的		2026-04-04 12:05:59
spicy	辛辣的	Thai food is hot and spicy	2026-04-04 12:06:19
turmeric	姜	Turmeric is a bright yellow spice used in curry	2026-04-04 12:06:36
mushy	糊状的, 多愁善感的	When the fruit is mushy and cooked, remove from the heat	2026-04-04 12:07:00
pea	豌豆	She is planting peas in the garden	2026-04-04 12:07:10
curry	咖喱	vegetable curry	2026-04-04 12:07:24
sauce	酱	pasta, cooked in a sauce of garlic, tomatoes, and cheese	2026-04-04 12:07:36
sausage	香肠	sausages and fries	2026-04-04 12:08:33
bean	豆	I like to eat rice and beans for dinner	2026-04-04 12:08:44
pork	猪肉	fried pork chop	2026-04-04 12:09:08
accustomed	习惯于		2026-04-10 16:48:03
barricade	路障， 把..隔离在	Large areas of the city have been closed off by barricades set up by the emonstrators	2026-04-10 16:48:50
fortress	堡垒	The ancient fortress stood on top of the chill	2026-04-10 16:49:17
shovel	铲	He has to get out and shovel snow	2026-04-10 16:49:47
way out	出口	That is a way out	2026-04-10 16:51:14
incursion	入侵		2026-04-10 16:52:46
makeshift	权宜之计	We used a cardboard box as a makeshift table	2026-04-10 16:53:04
egress	出口	All egress points must be kept clear	2026-04-10 16:53:15
deviation	偏离		2026-04-10 16:54:27
show up	出现	Desire paths show up after snowstorms	2026-04-10 16:56:00
paved walkway	人行道		2026-04-10 16:56:53
branch off	分支		2026-04-10 16:57:02
ache	疼痛		2026-04-10 16:58:38
bureaucrat	官僚		2026-04-10 17:02:22
waterfront	海滨	They went for a stroll along the waterfront	2026-04-10 17:15:43
rezone	再分区		2026-04-10 17:15:56
mundane	单调的	Be willing to do mundane tasks with good grace	2026-04-10 17:16:15
metaphor	隐喻		2026-04-10 17:17:21
course	道路	chart your own course	2026-04-10 17:18:22
urgent	紧急的		2026-04-10 17:18:47
adequate	令人满意的	The food is adequate but not delicious	2026-04-10 17:19:43
yearning	渴望		2026-04-10 17:19:59
lawn	草坪		2026-04-10 17:20:31
valentine's day	情人节		2026-04-10 17:22:15
reservation	预定		2026-04-10 17:23:40
script	剧本		2026-04-10 17:26:09
tread	行走	What trail would you prefer to tread	2026-04-10 17:26:58
occasion	时刻		2026-04-10 17:31:07
nominally	名义上地	He is nominally the manager, but his assistant runs everything	2026-04-10 17:32:38
honor	尊敬	We honor our teachers and parents	2026-04-10 17:33:06
suspect	嫌疑犯		2026-04-12 14:13:27
tirgger	诱因(n), 引发(v)		2026-04-12 14:14:31
brief	短暂的	In a brief statement, he concentrated entirely on international affairs	2026-04-12 14:14:55
sprawl	城市扩张	Urban sprawl destroys large areas of farmland.	2026-04-12 14:16:33
high-rise	高楼的		2026-04-12 14:21:00
panorama	全景	Horton looked out over a panorama of fertile valleys and gentle hill.	2026-04-12 14:21:48
citrus	柑橘	Citrus fruists are rich in vitamin C.	2026-04-12 14:22:15
come together	开始成形	At last, our project plan began to come together.	2026-04-12 14:23:22
organically	自发地	The community grew organically without strict planing.	2026-04-12 14:23:49
grapple	努力解决问题	The economy is just one of several critical problems the country is grappling with	2026-04-12 14:26:42
entice	诱使	They'll entice thousands of doctors to move from the cities to the rural areas by paying them better salaries.	2026-04-12 14:41:00
profit	利润	The bank made pre-tax profits of $6.5 million.	2026-04-12 14:41:14
eager	渴望	Robert was eager to talk about life in the Army.	2026-04-12 14:41:22
back	支持(v)	All members back his decision.	2026-04-12 14:41:43
hand	掌管（n)	You must take your emotions in hand right now.	2026-04-12 14:42:06
go into	深入研究	We don't have time to go into the details now	2026-04-12 14:48:38
pull off	成功完成	He pulled off the risky plan	2026-04-13 17:14:25
explode	急剧扩大	The city's population has exploded in the past 20 years	2026-04-13 17:16:06
boomer	生育高峰出生的人	The healthcare system is facing pressure as large numbers of boomers retire	2026-04-13 17:16:27
cookie-cutter	千篇一律	These cookie-cutter apartments all look exactly the same	2026-04-13 17:18:15
sprout	突然出现, 发芽	Temporary tents sprouted overnight after the storm	2026-04-13 17:18:29
uniform	单调统一的	""	2026-04-13 17:19:06
extraordinarily	极其		2026-04-13 17:39:16
loss	损失	billiions of losses	2026-04-13 17:40:07
hurdle	困难	Two-thirds of candidates fail at this first hurdle and are sent home	2026-04-13 17:41:02
haunting	萦绕于心头	Each one of these ancient towns is hauntingly beautiful	2026-04-13 17:41:21
underway	正在进行中	An investigation is underway to find out how the disaster happened.	2026-04-13 17:43:05
bustling	繁华的	The downtown area is always bustling.	2026-04-13 17:43:38
take for granted	被认为理所当然的	people take clean water for granted in developed areas	2026-04-13 18:01:22
nvay	海军， 深蓝色		2026-04-13 18:02:37
tombstone	墓碑	Flowers were laid gently in front of the cold tombstone	2026-04-13 18:07:12
skull	头骨	Her husband was later treated for a fractured skull	2026-04-13 18:07:29
carpet	地毯		2026-04-13 18:07:42
immersive	沉浸式虚拟现实的	Immersive learning helps students focus better and improve efficiency	2026-04-13 18:08:10
sanction	制裁	The continued abuse of human rights has now led the United States to impose sanctions against the regime	2026-04-13 18:10:28
texture	纹理		2026-04-13 18:11:12
chilly	阴冷的	It was a chilly afternoon	2026-04-13 18:11:37
roam	漫步	Barefoot children roamed the streets	2026-04-13 18:11:56
rival	n. 可与之匹敌者。 v. 比得上		2026-04-14 15:33:12
million	百万		2026-04-14 15:33:32
either	要么		2026-04-14 15:36:34
quarter	展示, 四分之一， 季度	The eagle quartered its wings in full view.	2026-04-14 15:37:46
spectacle	精彩的表演	Ninety-four thousand people turned up for the spectacle	2026-04-14 15:43:22
season	时期		2026-04-14 15:46:46
squeak	侥幸成功	He barely squeaked through the final exam.	2026-04-14 15:47:10
malfunction	故障	There must have been a computer malfunction	2026-04-14 15:49:24
costume	服装	Children dressed up in fancy costumes for the party	2026-04-14 15:49:47
tear off	迅速写作，脱掉	tear off a part of sb's costume	2026-04-14 15:50:42
magnetic	有吸引力的	There is something warm and magnetic about her gentle temperament.	2026-04-14 15:52:03
peer	同龄人的	His engaging personality made him popular with his peers	2026-04-14 15:52:19
headliner	头牌人物	She is the main headliner of tonight's show.	2026-04-14 16:10:38
fresh off	刚刚完成某事	She if fresh off college and ready to start her career.	2026-04-14 16:11:56
rap	说唱	Her favourite music was by Run DMC, a rap group	2026-04-14 16:14:39
decry	责难	He is impatient with those who decry the plan	2026-04-14 16:17:40
anger	惹恼	He cried with anger and frustration.	2026-04-14 16:17:59
joyous	高兴的	Sarah accepted joyously	2026-04-14 16:20:03
halftime	中场休息	The game started in brilliant sunshine but during halftime fog closed in.	2026-04-14 16:23:27
counter	v. 还击, n-柜台	Sears countered by filing an antitrust lawsuit	2026-04-14 16:24:29
not least	尤其	Many people love the city, not least its warm climate	2026-04-14 16:26:28
lineman	线路员	The lineman repaired the broken power line in the rain.	2026-04-14 16:27:35
offensive	无理的		2026-04-14 16:27:46
indicative	象征的	His action is indicative of growing concern about the shortage of skilled labour.	2026-04-14 16:28:39
impose	强制执行		2026-04-14 16:51:57
be up to	忙于做某事, 取决于， 适合于	The kids are very quiet.They must be up to something.	2026-04-14 16:55:22
seduce	引诱	The view of lake and plunging cliffs seduces visitors.	2026-04-14 16:58:19
flavor	风味	The city retains a traditional old-town flavor.	2026-04-14 17:02:00
concrete	确实的	We need concrete evidence, not just guesses.	2026-04-14 17:48:01
jungle	丛林	City life can be a concrete jungle for young people.	2026-04-14 17:49:35
rejuvenation	恢复活力	Short breaks are key to the rejuvenation of a tired mind.	2026-04-14 17:59:01
venomous	有毒的	He had been bitten by a venomous snake.	2026-04-14 17:59:08
loathe	勉强的	Sensing he held the advantage, Mr.Danbar was loath to change the subject.	2026-04-15 15:05:56
there is no point in doing	做某事毫无意义		2026-04-15 15:06:24
stomach	胃		2026-04-15 15:09:23
gang	一伙朋友	A gang of teenagers hung out on the street	2026-04-15 15:09:51
point	目的	What was the point of thinking about him	2026-04-15 15:16:42
munch	用力咀嚼	Luke munched the chicken sandwiches.	2026-04-15 15:17:15
dourly	闷闷不乐	He stared dourly at the wall and said nothing.	2026-04-15 15:17:28
heartily	衷心的	I heartily thank you for your help.	2026-04-15 15:19:18
surfing	冲浪	This simple fact is that, for most people, surfing is too expensive to do on a regular basis.	2026-04-16 10:00:09
surfboard	冲浪板	He borrowed a friend's surfboard and paddled out into the ocean at sunset.	2026-04-16 10:00:23
stirring	激动人心的		2026-04-16 15:29:00
ascend	登上	Mrs. Clayton had to hold Lizzie's hand as they ascended the steps	2026-04-16 15:31:17
papacy	罗马教皇	The papacy has a long history in Europe.	2026-04-16 15:31:37
bishop	主教	The bishop visited the local church yesterday.	2026-04-16 15:31:52
pontiff	主教	The pontiff addressed crowds of followers in the square.	2026-04-16 15:33:58
unfazed	不苦恼的	He was unfazed by the harsh criticism.	2026-04-16 15:34:23
catholic	天主教的	At least nine out of ten Mexicans are baptized Catholics.	2026-04-16 15:36:38
cleric	教徒	His grandfather was a Muslim cleric	2026-04-16 15:37:01
pretend	假装		2026-04-16 15:38:57
tableau	戏剧的画面	The sunset made a beautiful tableau over the lake.	2026-04-16 15:40:27
resemblance	相似	There was a remarkable resemblance between him and Pete.	2026-04-16 15:48:40
host	主持人	I want to be a TV host in the future.	2026-04-16 15:48:54
propaganda	宣传	The party adopted an aggressive propaganda campaign against its rivals.	2026-04-16 15:52:16
incumbent	在职者	In general, incumbents  have a 94 percent chance of being reelected.	2026-04-16 15:56:00
christ	基督	Many Christians believe Crhist is the son of God.	2026-04-16 15:56:21
supplicant	恳求者	He flung himself down in the flat submissive posture of a mere supplicant.	2026-04-16 15:56:50
healer	救援者	Time is a great healer.	2026-04-16 15:56:58
disembody	使脱离肉体	Fear seemed to disembody his mind from his body.	2026-04-16 15:57:18
saint	圣徒	Every parish was named after a saint.	2026-04-16 15:57:41
altarpiece	祭坛的饰品	The altarpiece in the church was painted by a famous aritist	2026-04-16 15:58:24
grizzled	头发灰白的		2026-04-16 15:58:38
veteran	老兵		2026-04-16 15:58:50
fox	狐狸	The fox is clever and quick-witted.	2026-04-17 15:33:14
plain	朴素的	It was a plain, grey stone house.	2026-04-17 15:33:25
erratic	不稳定的	Argentina's erratic inflation rate threatens to upset the plans.	2026-04-17 15:33:39
sharp	聪明的	She has a sharp mind and always solves problems fast.	2026-04-17 15:36:02
profanity	亵渎	He was fined for shouting profanity at the staff.	2026-04-17 15:36:43
tangent	突然离题	The conversation went off on a tangent	2026-04-17 15:48:04
ramble	闲扯	Don't ramble - just answer the question directly.	2026-04-17 15:48:17
reception	招待会		2026-04-17 15:48:34
digression	离题	Short digression can make a speech more natural.	2026-04-17 15:48:58
cabinet	内阁的	All cabinet members supported the new policy.	2026-04-17 15:49:13
drape	窗帘	He pulled the drapes shut, locked the door behind him.	2026-04-17 15:49:36
academy	学会	He is a member of the academy of sciences.	2026-04-19 16:32:19
in my own fashion	以自己的方式	I won't copy others - I'll succeed in my own fashion.	2026-04-19 16:32:54
dub	把...称为	Today's session has been widely dubbed as a "make or break"	2026-04-19 16:33:34
cruellest	最残酷的	Fate can be the cruellest enemy of all.	2026-04-19 16:33:58
suspicious	怀疑的	'"What is it you want me to do?" Adam asked suspiciously'	2026-04-19 16:34:43
idiot	笨蛋	I knew I'd been an idiot to stay there.	2026-04-19 16:37:49
babble	喋喋不休	Stop babbling and get straight to the point	2026-04-19 16:38:18
strew	撒满	By the end, bodies were strewn all around the building	2026-04-19 16:38:36
spring fever	春困	Warm sunshine always gives people spring fever.	2026-04-19 16:39:59
throb	跳动	My heart throbbed with excitement.	2026-04-19 16:41:00
fling	猛然移动(身体部位)	She flung her arms around my neck and kissed me.	2026-04-19 16:43:38
floppy	软的	The puppy has floppy ears	2026-04-19 16:44:03
awe	敬畏		2026-04-19 16:44:25
petal	花瓣	A rose petal fell on the ground.	2026-04-19 16:44:44
delirium	狂热	In her delirium, she had fallen to the floor several times.	2026-04-19 16:45:12
gracious	和蔼的	She is a lovely and gracious woman.	2026-04-19 16:45:50
tender	温柔的	Her voice was tender, full of pity	2026-04-19 16:46:24
rowdy	吵闹的	He has complained to the police about rowdy neighbours.	2026-04-19 16:46:37
as always	像往常一样	The sun rose brightly as alwasy.	2026-04-19 17:03:51
inconstant	变化无常的		2026-04-19 17:04:07
fickle	变换无常的	The group has been notoriously fickle in the past	2026-04-19 17:06:09
chill	寒冷		2026-04-19 17:06:34
stormy	冲动的	He has a stormy temper and often acts impulsively	2026-04-19 17:14:40
front	"方面， "	We have made great progress on many fronts.	2026-04-19 17:15:32
be meant to	意味着， 注定要	it's meant to catalog things that bring joy	2026-04-19 17:19:36
take away	驱除	It's true that Jupiter takes them away	2026-04-19 17:20:25
tension	矛盾	Smiling and laughing has actually been shown to relieve tension and stress.	2026-04-19 17:22:59
tulip	郁金香	Tulips are one of the most beautiful spring flowers.	2026-04-19 17:40:30
quiver	颤抖	Her bottom lip quivered and big tears rolled down her cheeks.	2026-04-19 17:40:46
gust	一阵狂风	the tulips quivering in the gusting wind	2026-04-19 17:41:25
mitten	手套	I put on my wool mitten to keep warm	2026-04-19 17:41:52
porch	门廊	She huddled inside the porch as she rang the bell	2026-04-19 17:42:12
robin	知更鸟	I watched a robin flit between the bare branches	2026-04-19 17:42:26
much the same	基本相同	The internal work is much the same	2026-04-19 17:44:11
heaviness	忧伤	The cold night added to the heaviness of his thoughts.	2026-04-19 17:45:08
meditation	冥想	Walking under the night sky, he fell into deep meditation on nature's hidden forces.	2026-04-19 17:46:10
greet	欢迎	She liked to be home to greet Steve when he came in from school	2026-04-19 17:46:33
incline	倾向于	if you're less inclined to embrace it	2026-04-19 17:47:38
surplus	过剩的		2026-04-19 17:54:05
tip	倾倒	He leaned away from her, and she had to tip her head back to see him	2026-04-19 18:00:35
crash	车祸	His elder son was killed ina car crash a few years ago	2026-04-20 10:55:17
stroke	中风	He had a minor stroke in 1987, which left him partly paralysed	2026-04-20 10:55:34
violent	暴力的， 剧烈的	A violent impact hurtled her forward.	2026-04-20 10:57:26
shock	震惊， 电击	The faulty socket could shock anyone who touches it	2026-04-20 10:57:48
lung	肺	Running every day can strengthen your lungs.	2026-04-20 10:58:47
heave	起伏	your lung still heave	2026-04-20 10:59:19
spouse	配偶	You, or you spouse, must be at least 60 to participate.	2026-04-20 11:00:14
prod	刺激, 戳	The crisis prodded the government to take action.	2026-04-20 11:00:38
reflex	反射	It was just a reflex, not a conscious choice.	2026-04-20 11:00:56
hammer	锤子	He used a hammer and chisel to chip away at the wall.	2026-04-20 11:01:15
persistent	持续的		2026-04-20 11:01:46
be said to	传闻	these patients were said to be in a persistent vegetative state	2026-04-20 11:02:32
idle	停止工作， 无所事事, 懒惰的	We were not idly sitting around.	2026-04-20 11:03:07
tens of thousands of	成千上万的	tens of thousands of American	2026-04-20 11:05:02
fleeting	短暂的	A smile passed fleetingly across his face.	2026-04-20 11:09:04
covertly	秘密地	They covertly gathered information	2026-04-20 11:14:58
exclusively	专门地		2026-04-20 11:45:36
ventilator	人工呼吸器	The patient is on a ventilator	2026-04-20 11:47:26
unless	若非	You will fail unless you work hard	2026-04-20 11:48:04
pessimism	悲观		2026-04-20 11:51:00
neurologist	神经学家		2026-04-20 11:51:32
impair	损害		2026-04-20 11:55:53
syndrome	综合征		2026-04-20 11:57:05
locked-in	闭锁综合症， 被束缚的，	I feel locked-in by my daily routine.	2026-04-20 11:57:23
euthanasia	安乐死	Many countries still ban euthanasia by law.	2026-04-20 12:00:26
liar	骗子	He was a liar and cheat	2026-04-22 15:23:23
promulgate	传播		2026-04-22 15:23:58
nude	裸体的， 裸照	The occasional nude bather comes here	2026-04-22 15:25:29
take one's own life	自杀	teens have taken their own lives	2026-04-22 15:26:23
guardrail	护栏	A car crashed into the highway guardrail	2026-04-22 15:29:13
unleash	放开	unleashing this tech on society	2026-04-22 15:29:44
pump the brakes	踩刹车		2026-04-22 15:30:45
hold back	保留	it would hold back its newest model	2026-04-22 15:31:57
prototype	原型		2026-04-22 15:33:10
cybercrime	网络犯罪		2026-04-22 15:35:19
dawn	开端		2026-04-22 15:37:11
robot	机器人		2026-04-22 15:37:41
malware	恶意软件	This file is infected with malware	2026-04-22 15:39:42
phishing	网络钓鱼	Beware of email phishing scams	2026-04-22 15:40:42
turn out	大量生产	This factory turns out thousands of bikes every month.	2026-04-22 15:41:08
chatbot	聊天机器人	The chatbot is getting smarter with AI technology.	2026-04-22 15:41:27
horde	一大群	hordes of bad guys	2026-04-22 15:41:54
fend off	抵挡	Maybe the good guys could use the same tech to fend them off?	2026-04-22 15:53:25
feat	壮举	a racing car is an extraoridinary feat of engineering.	2026-04-22 15:54:35
general	综合性的， 总体的， 普遍的		2026-04-22 15:54:57
reassure	使安心	I tried to reassure her."Don't worry about it. We won't let it happen again."	2026-04-22 15:55:27
deft	灵巧的	With a deft flick of his wrist, he extinguished the match.	2026-04-22 15:56:05
spot	注意到	Wicenzo failed to spot the error	2026-04-22 15:56:57
flaw	缺点		2026-04-22 15:57:06
competence	能力	Many people have testified to his competence.	2026-04-22 15:57:43
cut both ways	两面性	competence cuts both ways	2026-04-22 15:58:35
brag	吹牛	It also bragged about breaking the rules	2026-04-22 16:00:43
foolproof	万无一失的， 不出毛病的	The system is not 100 percent foolproof.	2026-04-22 16:03:32
predecessor	前任， 前辈		2026-04-22 16:04:09
haywire	天马行空的， 不受控制的	Many Americans think their legal system has gone haywire.	2026-04-22 16:04:32
hacker	黑客		2026-04-23 13:17:51
hack	非法入侵		2026-04-23 13:18:07
while	一段时间	Please wait for a while.	2026-04-23 13:19:10
vulnerability	弱点	Accepting your own vulnerability is a sign of strength.	2026-04-23 13:23:14
exploit	利用	You'll need a good antenna to exploit the radio's performance.	2026-04-23 13:25:44
scope out	侦察	Let's scope out the competition first.	2026-04-23 13:26:18
protocol	礼仪， 协议	He has become a stickler for the finer observances of Washington protocol	2026-04-23 13:34:42
encryption	加密	All private messages are protected by encryption.	2026-04-23 13:34:56
hypothetical	假设的	Let's look at a hypothetical situation in which Carol, a recovering alcoholic, gets invited to a party.	2026-04-23 13:35:18
trove	宝藏	The research paper offers a trove of valuable data.	2026-04-23 15:21:16
ensue	继而发生	If the Europeans did not reduce subsidies, a trade war would ensue.	2026-04-23 15:21:46
loot	抢夺	The trouble began when gangs began breaking windows and looting shops.	2026-04-23 15:21:56
deceptive	欺骗性的	The storyline is deceptively simple.	2026-04-23 15:24:28
abusive	辱骂的	I did not use any foul or abusive language	2026-04-23 15:24:41
spree	一通犯罪行为	The suspect went on a violent crime spree across the city	2026-04-23 15:29:40
imperil	危及	You imperilled the lives of other road users by your driving	2026-04-23 15:33:07
chip	芯片， 薯条	This phone uses a high-performance chip.	2026-04-23 15:35:18
keep .. under wraps	保密	The company kept its new plan under wraps	2026-04-23 15:38:01
bound	必然的	be not bound to do something	2026-04-23 15:39:01
prescribe	规定	The rules prescribe how students should behave	2026-04-23 15:52:30
pity	怜悯	He felt a sudden tender pity for her	2026-04-23 15:52:36
needle	注射针	I gave Kevin a course of acupuncture using six needles strategically placed on the scalp	2026-04-24 15:08:25
paraphernalia	设备	She packed all her camping paraphernalia into one bag.	2026-04-24 15:08:55
scrap	碎片	scraps of burned paper	2026-04-24 15:09:56
culprit	问题的起因	About 10% of Japanese teenagers are overweight.Nutritionists say the main culprit is increasing reliance on Western fast food.	2026-04-24 15:11:10
deliver	招致	Poor policy delivered a heavy blow to the economy	2026-04-24 15:14:11
captivity	囚禁	The great majority of barn owls are reared in captivity	2026-04-24 15:14:47
ecstatic	狂喜的	His wife gave birth to their first child, and he was ecstatic about it.	2026-04-24 15:15:27
spray	喷洒	The moon was casting a rainbow through the spray from the waterfall	2026-04-24 15:17:52
dealer	商人， 毒品贩子	They will stay on the job for as long as it takes to clear every dealer from the street.	2026-04-24 15:18:10
leave behind	抛弃， 遗忘	I always leave behind my keys in a hurry.	2026-04-24 15:20:05
lace	掺入	she laced his food with sleeping pills.	2026-04-24 15:27:36
soak	浸泡	books soaked in drugs	2026-04-24 15:40:56
appear	似乎	There appears to be increasing support for the leadership to take a more agressive stance	2026-04-24 15:41:17
radio	无线电广播节目	A lot of people listen to the radio in the mornings.	2026-04-24 15:48:00
scout	侦察兵	They set off, two men out in front as scouts, two behind in case of any attack from the rear.	2026-04-24 15:50:06
cast	投影	The moon cast a bright light over the garden.	2026-04-24 16:23:50
aggressive	强烈的	The government took aggressive measures to control inflation.	2026-04-24 16:26:24
triple	三倍的， 翻三倍	I got a fantasic new job and my salary tripled.	2026-04-25 15:24:16
shape up as	改进， 调整， 开始形成	The accident is already shaping up as a significant environmental disaster	2026-04-25 15:26:55
painstaking	刻苦的	Forensic experts carried out a painstaking search of the debris	2026-04-25 15:29:35
correctional	监狱的， 修正的	He had been shipping drugs to correctional facilities in North Carolina	2026-04-25 15:30:59
recover	寻回， 收回， 回收利用	Police raided five houses in Brooklyn and recovered stolen goods	2026-04-25 15:44:44
raid	突袭检查	Polic raided their headquarters and other offices.	2026-04-25 15:45:30
trash	垃圾	The yards are overgrown and cluttered with trash	2026-04-25 16:15:54
address	寄给	Please address this letter to my teacher.	2026-04-25 16:18:06
trafficker	贩子， 商人	They have been arrested as suspected drug traffickers.	2026-04-25 16:21:29
sewer	下水道	Heavy rain blocked the sewers and caused street flooding.	2026-04-25 16:32:09
episode	一段时期， 一集	The final episode will be shown next Sunday.	2026-04-28 11:10:16
rapacious	贪婪的	The rapacious businessmen only care about huge profits.	2026-04-28 11:14:25
sensationalize	炒作	Reporters should not sensationalize tragedies.	2026-04-28 11:26:39
hell	地狱	I've never believed.Not in heaven or hell or God or Satan until now.	2026-04-30 12:04:45
overdose	药量过多	Each year, one in 100 girls ages 15-19 takes an overdose.	2026-04-30 12:16:54
vista	远景	From my bedroom window looked out on a crowded vista of hills and rooftops.	2026-04-30 15:15:00
unwashed	不清洁的	Leftover food and unwashed dishes cover the dirty counters.	2026-05-01 16:06:23
approach	交谈	I was too shy to approach him and start a conversation.	2026-05-01 16:06:37
representative	代理人， 销售	she had a stressful job as a sales representative.	2026-05-01 16:09:11
park the wrong way	逆向停车	My neighbor parks the wrong way on our one-way street	2026-05-01 16:11:08
count on	依赖	don't count on the computer to tell you true	2026-05-01 16:12:54
fair-minded	公正的	She is one of the most fair-minded people I know	2026-05-01 16:14:09
toady	马屁精	They came backstage afterward, cooing and toadying to him.	2026-05-01 16:15:49
open-minded	开明的， 谦虚的	He was praised for his enthusiasm and his open-mindedness	2026-05-01 16:21:10
supportive	拥护的， 给予帮助的。	They were always supportive of each other.	2026-05-01 16:23:22
wit	机智	She has used her wits to progress to the position she holds.	2026-05-01 17:55:36
string	绳子， 系， 悬挂	string up	2026-05-02 12:17:08
garbage	垃圾, 废话	This morning a bomb in a garbage bag exploded and injured 15 people	2026-05-02 12:19:10
commendable	值得赞扬的	He has acted with commendable speed.	2026-05-02 12:20:54
clean up after yourself	自己打扫干净	Your intention  to clean up after yourself is commendable.	2026-05-02 12:21:55
bin	垃圾桶	trash bins	2026-05-02 12:22:27
manipulation	操纵	The article shows the manipulation of public opinion	2026-05-02 12:41:24
grown	成年的	grown person	2026-05-02 12:44:31
leftover	剩下的， 剩菜	Refrigerate any leftovers.	2026-05-02 13:52:22
preliminary	预备的， 初步行动	This is only a preliminary plan, not the final version.	2026-05-03 10:54:28
expedition	考察	They went on an expedition to the Antarctic	2026-05-03 21:10:58
appreciate	理解	I appreciate your difficult situation.	2026-05-03 21:14:24
filmmaking	制片	Budget control is a key part of professional filmmaking.	2026-05-03 21:23:24
charade	装模做样	I wondered why he had gone through the elaborate charade	2026-05-03 21:23:40
shenanigan	恶作剧	Stop your childish shenanigans and focus on your work	2026-05-03 21:24:16
valiantly	勇敢地	He valiantly fought against the fire to save the child.	2026-05-03 21:24:42
proceeding	事件的过程， 诉讼, 行动	They have started legal proceedings against the company.	2026-05-03 21:28:36
stretch	（土地或水域的）一片	stretch of highway.	2026-05-04 15:45:21
replica	复制品	The designer made a miniature replica of the historic building.	2026-05-04 16:09:16
solar	太阳的	A total solar eclipse is due to take place some time tomorrow.	2026-05-04 16:21:05
yield	产生， 产量	He believed, until his death, that his experiments had yielded auroras	2026-05-04 16:25:24
elaborate	复杂的， 精心制作的	His task was to elaborate pollicies that would make a market economy compatible with a clean environment.	2026-05-04 17:09:47
childish	幼稚的	She has a soft, childish smile.	2026-05-04 17:12:30
norway	挪威	The standard of living in Norway is very high.	2026-05-05 11:23:27
account for	解释	The gene they discovered today doesn't account for all those cases.	2026-05-05 11:26:23
absorb	理解	Too often he only absorbs half the information in the manual.	2026-05-05 11:28:43
elctromagnetism	电磁学	Each of the four fundamental forces(gravity, electromagnetism, and the strong and weak nuclear forces) has a kind of theoretical knob.	2026-05-05 11:29:54
keepsake	纪念品	He collect lines of poetry as keepsakes to cherish alone	2026-05-05 11:47:33
wonder	琢磨	I wonder if we truly understand electromagnetism.	2026-05-05 11:50:10
prey	猎物， 受害者， 受骗者	Electric rays stun their prey with huge electrical discharges.	2026-05-05 11:55:55
shark	鲨鱼	A great white shark swam near the shore	2026-05-05 11:56:40
summon	召唤	How summoned a doctor and hurried over.	2026-05-05 14:56:56
nothingness	虚无	There might be something beyond the grave, you know, and not nothingness.	2026-05-05 14:57:20
pickup	小卡车	轻型货车： pickup truck	2026-05-05 14:59:34
rent	租用	She rents a house with three other girls	2026-05-05 14:59:49
dreamer	不切实际的人， 梦想家	Far from being a dreamer, she's a level-headed pragmatist.	2026-05-05 15:02:15
inconceivably	不可思议地	Time can be inconceivably short in the grand shceme of nature.	2026-05-05 15:05:15
wrangle	争吵	The two sides have spent most of their time wrangling over procedural problems.	2026-05-05 15:06:47
contemplate	沉思	As he lay in his hospital bed that night, he cried as he contemplated his future.	2026-05-05 15:10:56
gravity	重力	Arrows would continue to fly forward forever in a straight line were it not for it not for gravity, which brings them down to earth.	2026-05-05 15:11:41
marvel	惊叹， 奇迹	Sara and I read the story and marvelled.	2026-05-05 15:11:59
erect	建造， 竖起， 竖直的	The building was erected in 1900-1901.	2026-05-05 15:22:10
arrow	箭	Warriors armed with bows and arrows and spears have invaded their villages.	2026-05-05 15:32:05
procedural	程序的	A Spanish judge rejected the suit on procedural grounds.	2026-05-05 15:33:58
grand	壮丽的， 宏大的	This grand building in the centre of town used to be the hub of the capital's social life.	2026-05-05 15:35:36
scheme	计划， 系统， 布局	We realize that we are infinitely small within the scheme of things	2026-05-05 15:35:59
level-headed	冷静的	His level-headed approach suggests he will do what is necessary.	2026-05-05 15:37:08
discharge	释放， 放电	Do not let the battery fully discharge.	2026-05-05 15:41:08
stun	使震惊， 使昏迷	Sam stood his ground and got a blow that stunned him	2026-05-05 15:41:29
cherish	珍视	He genuinely loved and cherished her.	2026-05-05 15:56:04
impact	撞击， 冲击力	The plane is destroyed, a complete wreck, the pilot must have died on impact	2026-05-05 19:10:44
faulty	有故障的	The money will be used to repair faulty equipment	2026-05-05 19:12:23
socket	插座	Just plug it into any electrical socket.	2026-05-05 19:13:04
paralyse	使瘫痪	She is paralysed from the waist down	2026-05-05 19:13:13
pop	流行音乐	Modern pop mixes different musical elements	2026-05-06 13:57:05
poll	民意调查	We are doing a weekly poll on the president, and clearly his popularity has declined.	2026-05-06 13:57:23
choreographer	舞蹈指导	A good choreographer can match dance to music perfectly.	2026-05-06 13:59:01
edge	修剪	I need to edge the flower beds this afternoon.	2026-05-06 13:59:46
make the cut	通过选拔	He worked hard and finally made the cut.	2026-05-06 14:01:58
nor	也不	Billy Joel didn't make the cut.Nor did Garth Brooks or Randy Newman.	2026-05-06 14:02:39
vindication	辩护	Seeking public vindication is never his mian goal.	2026-05-06 14:19:54
sound	合理的	He has built up a sound argument for his opinion	2026-05-06 14:20:52
methodology	方法论	The paper explains its research methodology clearly.	2026-05-06 14:21:14
bummed	不高兴的	She was bummed about losing the chance.	2026-05-06 14:21:51
harrumph	哼	She harrumphed at my careless explanation	2026-05-06 14:22:42
enthusiasm	热情， 热忱	Their skill and enthusiasm has got them on the team.	2026-05-06 14:24:35
soundtrack	配音	The soundtrack perfectly matches the mood of the story	2026-05-06 14:27:56
smash(smash hits)	大获成功的歌曲	Her new single turned out to be a huge smash	2026-05-06 14:28:51
treacly	甜蜜的	I can't stand his tracely love songs.	2026-05-06 14:29:06
urgently	紧急地	The problem needs to be solved urgently	2026-05-06 14:29:25
sensual	肉欲的， 性感的	He was a very sensual person	2026-05-06 14:35:49
controlled	冷静的， 克制的	Stay controlled and don't lose your temper	2026-05-06 14:36:33
dispatch	电讯， 发送, 报道	This is a dispatch from our Paris correspondent.	2026-05-06 14:39:55
intimate	亲密的	He did not feel he had got to know them intimately	2026-05-06 14:40:21
unfurl	展开	Once outside the inner breakwater, we began to unfurl all the sails	2026-05-06 14:40:48
sonic	声音的	Sonic speed is about 343 meters per second in air.	2026-05-06 14:41:03
luxuriate	沉浸	Lie back and luxuriate in the scented oil	2026-05-06 14:42:01
hub	中心	The island's social hub is the Cafe Sport	2026-05-07 15:50:45
spear	矛， 标枪	Spear a piece of fish with a carving fork and dip it in the batter	2026-05-07 15:53:57
conceive	构想	I just can't even conceive of that quantity of money.	2026-05-07 15:57:20
have it right	做对了， 掌握了精髓	She finally has it right after many attempts.	2026-05-08 15:59:23
shame	使黯然失色	Put those Georgia stars to shame that night.	2026-05-08 16:02:11
definitive	确定的， 最终的， 权威的	No one has come up with a definitive answer as to why this should be so.	2026-05-08 16:06:05
worm	蠕虫， 蠕动	The bird picked up a worm from the soil.	2026-05-08 16:06:56
alongside	与...一起， 在...旁边	He had worked alongside Frank and Mark and they had become friends.	2026-05-08 16:09:43
distill	提取	The book distills years of experience into simple rules.	2026-05-08 16:10:43
studio	演播室， 电影公司， 工作室	She was in her studio again, painting onto a large canvas.	2026-05-08 16:11:51
album	唱片	Oasis release their new album on July 1.	2026-05-08 16:12:09
in the two decades since	自此以后二十年（省略了then）	In the two decades since 2005, techonology has chaged our daily life greatly.	2026-05-08 16:17:36
medium	媒介	Blood is the medium in which oxygen is carried to all parts of the body.	2026-05-08 16:23:27
in any medium	在任何媒体领域中	The work may not be reproduced in any medium without permission.	2026-05-08 16:23:52
pope	教皇	The Pope is the leader of the Catholic Church	2026-05-08 16:24:05
pore	仔细阅读	She has become the most pored-over writer	2026-05-08 16:24:43
expertise	专长	She was not an accountant and didn't have the expertise to verify all of the financial details.	2026-05-08 16:38:07
craft	职业， 行业	Traditional craft needs patience and years of practice.	2026-05-08 16:38:57
dazzle	使惊叹	Her beauty and talent dazzle everyone around her.	2026-05-08 16:42:11
worldly	世俗的	He cares little about worldly fame and wealth.	2026-05-08 16:42:50
tactician	谋士	He is an extremely astute  political tactician	2026-05-08 16:43:11
verse	诗， 节， 句	I have been moved to write a few lines of verse.	2026-05-08 16:46:23
intricate	复杂的， 难学的	Human society is an intricate network of relationships.	2026-05-08 16:46:53
configuration	布局	Prices range from $119 to $199, depending on the particular configuration	2026-05-08 16:47:09
entendre	双关	He made a clever double entendre that made everyone laugh	2026-05-08 16:51:35
beat	节拍	She dances perfectly to the beat	2026-05-08 16:52:23
swing	摆动	The sail of the little boat swung crazily from one side to the other	2026-05-08 16:52:41
credibility	可信度	The police have lost their credibility	2026-05-08 16:53:32
hustle	忙碌	I hustle every day to make a living	2026-05-08 16:53:52
forecast	预测	They forecast a humiliating defeat for the president.	2026-05-08 16:54:07
greatness	伟大	The greatness of a nation is in its people	2026-05-08 16:55:07
downplay	轻描淡写	Police sources yesterday downplayed the significance of the security breach	2026-05-08 17:04:04
vocalist	歌手	He and Carla Torgerson take turns as the band's lead vocalist	2026-05-08 17:06:42
perverse	任性的, 违背常理的	It would be perverse to stop this healthy trend.	2026-05-08 17:07:52
scam	欺诈	When I told them they were being scammed, they couldn't believe it.	2026-05-08 17:54:55
carve	雕刻， 冲蚀， 割下	One of the prisoners has carved a beautiful wooden chess set.	2026-05-09 20:57:24
extinguish	消灭	The message extinguished her hopes of Richard's return.	2026-05-10 13:37:05
flick	轻弹， 快速移动	His tongue flicked across his lips	2026-05-10 13:37:20
scope	评估， 调查， 范围， 领域	The question is beyond the scope of this book.	2026-05-10 13:40:48
alcoholic	酒鬼	He showed great courage by admitting on television that he is an alcoholic	2026-05-10 13:45:12
end	端点	Hold the rope by one end.	2026-05-10 13:57:41
ledger	账本	He recorded every expense in the ledger.	2026-05-11 20:48:48
corrupt	腐败的	It is sad to see a man so corrupted by desire for money and power.	2026-05-11 20:49:03
character	品质	He's begun a series of personal attacks on my character.	2026-05-11 20:49:20
inequitable	不公平的	The welfare system is grossly inequitable and inefficient.	2026-05-11 20:51:12
cost	成本	Labor costs are a big burden for the company.	2026-05-11 20:52:44
candy	糖果	Kids love sweet candy very much	2026-05-11 20:53:59
stimulus	刺激	Interest rates could fall soon and be a stimulus to the U.S. economy.	2026-05-11 20:54:35
check	支票	Please cash this check at the bank	2026-05-11 20:54:42
pummel	击， 打	He trapped Chuck in a corner and pummelled him ferociously for thirty seconds.	2026-05-11 20:55:20
mortgage	抵押	They had to mortgage their home to pay the bills.	2026-05-11 20:56:57
take sth. to the bank	深信不疑， 吃透规律	His prediction is accurate - you can take it to the bank.	2026-05-11 20:58:56
compound	加重	Additional loss of life will only compound the tragedy.	2026-05-11 21:02:42
hole	洞	He took a shovel, dug a hole, and burried his once-prized possessions.	2026-05-11 21:03:13
foul	下流的, 粗俗的	The teacher had to deal with her foul language, disruptive behaviour, and low academic performance	2026-05-11 21:08:29
defect	背叛， 缺点	He was born with a hearing defect.	2026-05-11 21:09:00
go on	进行， 发生	Unemployment is likely to go on rising this year.	2026-05-11 21:10:22
acupuncture	针灸	I had acupuncture in my lower back	2026-05-11 21:13:18
strategically	战略上地	The store is strategically located near the station.	2026-05-11 21:13:44
scalp	头皮	He smoothed his hair back over his scalp	2026-05-11 21:14:02
smuggle	走私	An air hostess was arrested and charged with drug smuggling.	2026-05-11 21:24:44
fiscal	财政的	The country is facing a serious fiscal deficit.	2026-05-12 15:48:51
hawk	鹰派分子	Both hawk and doves have expanded their conditions for ending the war	2026-05-12 15:49:07
rate	评定	We rate every employee's performance at the end of the year.	2026-05-12 15:51:19
agency	机构	She is calling for a collaboration of local, state and federal agencies to deal with the problem	2026-05-12 15:51:43
credit	信用	You should protect your personal credit carefully.	2026-05-12 15:51:59
hike	价格提高， 远足	It has now been forced to hike its rates by 5.25 percent.	2026-05-12 15:55:38
default	违约	The credit card business is down, and more borrowers are defualting on loans.	2026-05-12 15:56:21
projection	预测	The projection shows prices will keep rising	2026-05-12 15:56:36
skyrocket	价格飞涨	Production has dropped while prices and unemployment have skyrocketed.	2026-05-12 15:57:49
starve	使其缺乏	The electricity industry is not the only one to have been starved of investment.	2026-05-12 15:58:35
cash	现金	There are similar charges if you want to cash a cheque or withdraw money at a branch other than your own.	2026-05-12 15:58:48
hyperinflation	通货膨胀	In the hyperinflation of 1922-23 a dollar could be bought for 4.2 billion marks.	2026-05-12 15:59:34
collectively	共同地	These factors collectively led to the final result	2026-05-12 16:01:46
bet	打赌	Jockeys are forbidden to bet on the outcome of races.	2026-05-12 16:02:01
way out of	远离	We need to find a way out of the dilemma	2026-05-12 16:02:27
mess	困境	He got himself into a terrible mess.	2026-05-12 16:02:44
boom	繁荣	An economic boom followed, especially in housing and construction.	2026-05-12 16:03:10
shrink	减少	The vast forests of West Africa have shrunk	2026-05-12 16:04:32
expect	预计	I wasn't expecting a visitor	2026-05-12 16:07:01
storyline	故事情节	The suprise twists in the storyline are the film's greatest strength	2026-05-12 16:18:37
rear	养育， 栽种， 饲养	She spends a lot of time rearing animals.	2026-05-12 16:23:56
hostess	女主人， 女服务员	The hostess greeted us at the restaurant door.	2026-05-12 16:26:47
exaggerate	夸大	He think I'm exaggerating	2026-05-12 16:29:19
forensic	法医的	Forensic experts searched the area for clues.	2026-05-12 16:31:52
beg	乞求	I begged him to come back to New York with me	2026-05-12 16:42:06
grossly	非常	His estimate was grossly inaccurate	2026-05-12 16:53:37
ferociously	残忍地	They competed ferociously for the top position.	2026-05-12 16:57:21
prize	珍视， 珍贵的	I prize your friendship above all else	2026-05-12 17:02:44
possession	个人财产	Those documents are now in the possession of the Washington Post	2026-05-12 17:03:05
disruptive	破坏的	Alcohol can produce violent, disruptive behaviour	2026-05-12 17:04:28
elbow	肘	He slipped and fell, badly bruising and elbow	2026-05-13 15:18:54
